Activado;StockFinal : Stock final confirmado;17/12/2021 15:23:52;89543430921233460005;PTPCDR8CI;1162846869;FAN_PTRHU;17/12/2021 17:26:29
Activado;StockFinal : Stock final confirmado;17/12/2021 15:23:52;89543430921233460013;PTPCDR8CI;1162846790;FAN_PTRHU;17/12/2021 17:24:32
Activado;StockFinal : Stock final confirmado;17/12/2021 15:23:52;89543430921233460021;PTPCDR8CI;1162846659;FAN_PTRHU;17/12/2021 17:27:13
Activado;StockFinal : Stock final confirmado;17/12/2021 15:23:52;89543430921233460039;PTPCDR8CI;1162846612;FAN_PTRHU;17/12/2021 17:25:25
Activado;StockFinal : Stock final confirmado;17/12/2021 15:23:52;89543430921233460047;PTPCDR8CI;1162846525;FAN_PTRHU;17/12/2021 17:25:16
Activado;StockFinal : Stock final confirmado;17/12/2021 15:23:52;89543430921233460054;PTPCDR8CI;1162846267;FAN_PTRHU;17/12/2021 17:22:34
Activado;StockFinal : Stock final confirmado;17/12/2021 15:23:52;89543430921233460062;PTPCDR8CI;1162846258;FAN_PTRHU;17/12/2021 17:24:38
Activado;StockFinal : Stock final confirmado;17/12/2021 15:23:52;89543430921233460070;PTPCDR8CI;1162846099;FAN_PTRHU;17/12/2021 17:22:06
Activado;StockFinal : Stock final confirmado;17/12/2021 15:23:52;89543430921233460088;PTPCDR8CI;1162846087;FAN_PTRHU;17/12/2021 17:22:51
Activado;StockFinal : Stock final confirmado;17/12/2021 15:23:52;89543430921233460096;PTPCDR8CI;1162846086;FAN_PTRHU;17/12/2021 17:23:50
Activado;StockFinal : Stock final confirmado;17/12/2021 15:23:52;89543430921233460104;PTPCDR8CI;1162846021;FAN_PTRHU;17/12/2021 17:26:51
Activado;StockFinal : Stock final confirmado;17/12/2021 15:23:52;89543430921233460112;PTPCDR8CI;1162845979;FAN_PTRHU;17/12/2021 17:24:50
Activado;StockFinal : Stock final confirmado;17/12/2021 15:23:52;89543430921233460120;PTPCDR8CI;1162845933;FAN_PTRHU;17/12/2021 17:26:29
Activado;StockFinal : Stock final confirmado;17/12/2021 15:23:52;89543430921233460138;PTPCDR8CI;1162845733;FAN_PTRHU;17/12/2021 17:27:32
Activado;StockFinal : Stock final confirmado;17/12/2021 15:23:52;89543430921233460146;PTPCDR8CI;1162845707;FAN_PTRHU;17/12/2021 17:22:58
Activado;StockFinal : Stock final confirmado;17/12/2021 15:23:52;89543430921233460153;PTPCDR8CI;1162845599;FAN_PTRHU;17/12/2021 17:24:31
Activado;StockFinal : Stock final confirmado;17/12/2021 15:23:52;89543430921233460161;PTPCDR8CI;1162845586;FAN_PTRHU;17/12/2021 17:22:26
Activado;StockFinal : Stock final confirmado;17/12/2021 15:23:52;89543430921233460179;PTPCDR8CI;1162845386;FAN_PTRHU;17/12/2021 17:22:31
Activado;StockFinal : Stock final confirmado;17/12/2021 15:23:52;89543430921233460187;PTPCDR8CI;1162845277;FAN_PTRHU;17/12/2021 17:22:26
Activado;StockFinal : Stock final confirmado;17/12/2021 15:23:52;89543430921233460195;PTPCDR8CI;1162845027;FAN_PTRHU;17/12/2021 17:24:28
Activado;StockFinal : Stock final confirmado;17/12/2021 15:23:52;89543430921233460203;PTPCDR8CI;1162845003;FAN_PTRHU;17/12/2021 17:22:07
Activado;StockFinal : Stock final confirmado;17/12/2021 15:23:52;89543430921233460211;PTPCDR8CI;1162844938;FAN_PTRHU;17/12/2021 17:27:10
Activado;StockFinal : Stock final confirmado;17/12/2021 15:23:52;89543430921233460229;PTPCDR8CI;1162844918;FAN_PTRHU;17/12/2021 17:26:42
Activado;StockFinal : Stock final confirmado;17/12/2021 15:23:52;89543430921233460237;PTPCDR8CI;1162844912;FAN_PTRHU;17/12/2021 17:24:02
Activado;StockFinal : Stock final confirmado;17/12/2021 15:23:52;89543430921233460245;PTPCDR8CI;1162844752;FAN_PTRHU;17/12/2021 17:24:30
Activado;StockFinal : Stock final confirmado;17/12/2021 15:23:52;89543430921233460252;PTPCDR8CI;1162844713;FAN_PTRHU;17/12/2021 17:25:38
Activado;StockFinal : Stock final confirmado;17/12/2021 15:23:52;89543430921233460260;PTPCDR8CI;1162844650;FAN_PTRHU;17/12/2021 17:24:20
Activado;StockFinal : Stock final confirmado;17/12/2021 15:23:52;89543430921233460278;PTPCDR8CI;1162844607;FAN_PTRHU;17/12/2021 17:23:24
Activado;StockFinal : Stock final confirmado;17/12/2021 15:23:52;89543430921233460286;PTPCDR8CI;1162844538;FAN_PTRHU;17/12/2021 17:22:31
Activado;StockFinal : Stock final confirmado;17/12/2021 15:23:52;89543430921233460294;PTPCDR8CI;1162844528;FAN_PTRHU;17/12/2021 17:22:32
Activado;StockFinal : Stock final confirmado;17/12/2021 15:23:52;89543430921233460302;PTPCDR8CI;1162844485;FAN_PTRHU;17/12/2021 17:23:26
Activado;StockFinal : Stock final confirmado;17/12/2021 15:23:52;89543430921233460310;PTPCDR8CI;1162844252;FAN_PTRHU;17/12/2021 17:25:26
Activado;StockFinal : Stock final confirmado;17/12/2021 15:23:52;89543430921233460328;PTPCDR8CI;1162844238;FAN_PTRHU;17/12/2021 17:26:15
Activado;StockFinal : Stock final confirmado;17/12/2021 15:23:52;89543430921233460336;PTPCDR8CI;1162844198;FAN_PTRHU;17/12/2021 17:25:08
Activado;StockFinal : Stock final confirmado;17/12/2021 15:23:52;89543430921233460344;PTPCDR8CI;1162844100;FAN_PTRHU;17/12/2021 17:23:46
Activado;StockFinal : Stock final confirmado;17/12/2021 15:23:52;89543430921233460351;PTPCDR8CI;1162844046;FAN_PTRHU;17/12/2021 17:23:13
Activado;StockFinal : Stock final confirmado;17/12/2021 15:23:52;89543430921233460369;PTPCDR8CI;1162843961;FAN_PTRHU;17/12/2021 17:24:36
Activado;StockFinal : Stock final confirmado;17/12/2021 15:23:52;89543430921233460377;PTPCDR8CI;1162843956;FAN_PTRHU;17/12/2021 17:26:03
Activado;StockFinal : Stock final confirmado;17/12/2021 15:23:52;89543430921233460385;PTPCDR8CI;1162843919;FAN_PTRHU;17/12/2021 17:24:53
Activado;StockFinal : Stock final confirmado;17/12/2021 15:23:52;89543430921233460393;PTPCDR8CI;1162843874;FAN_PTRHU;17/12/2021 17:24:30
Activado;StockFinal : Stock final confirmado;17/12/2021 15:23:52;89543430921233460401;PTPCDR8CI;1162843754;FAN_PTRHU;17/12/2021 17:23:48
Activado;StockFinal : Stock final confirmado;17/12/2021 15:23:52;89543430921233460419;PTPCDR8CI;1162843714;FAN_PTRHU;17/12/2021 17:23:43
Activado;StockFinal : Stock final confirmado;17/12/2021 15:23:52;89543430921233460427;PTPCDR8CI;1162843681;FAN_PTRHU;17/12/2021 17:23:15
Activado;StockFinal : Stock final confirmado;17/12/2021 15:23:52;89543430921233460435;PTPCDR8CI;1162843548;FAN_PTRHU;17/12/2021 17:25:00
Activado;StockFinal : Stock final confirmado;17/12/2021 15:23:52;89543430921233460443;PTPCDR8CI;1162843470;FAN_PTRHU;17/12/2021 17:23:24
Activado;StockFinal : Stock final confirmado;17/12/2021 15:23:52;89543430921233460450;PTPCDR8CI;1162843469;FAN_PTRHU;17/12/2021 17:28:06
Activado;StockFinal : Stock final confirmado;17/12/2021 15:23:52;89543430921233460468;PTPCDR8CI;1162843426;FAN_PTRHU;17/12/2021 17:26:47
Activado;StockFinal : Stock final confirmado;17/12/2021 15:23:52;89543430921233460476;PTPCDR8CI;1162843396;FAN_PTRHU;17/12/2021 17:24:05
Activado;StockFinal : Stock final confirmado;17/12/2021 15:23:52;89543430921233460484;PTPCDR8CI;1162843386;FAN_PTRHU;17/12/2021 17:23:24
Activado;StockFinal : Stock final confirmado;17/12/2021 15:23:52;89543430921233460492;PTPCDR8CI;1162843342;FAN_PTRHU;17/12/2021 17:24:39
Activado;StockFinal : Stock final confirmado;17/12/2021 15:23:52;89543430921233460500;PTPCDR8CI;1162843335;FAN_PTRHU;17/12/2021 17:22:18
Activado;StockFinal : Stock final confirmado;17/12/2021 15:23:52;89543430921233460518;PTPCDR8CI;1162843315;FAN_PTRHU;17/12/2021 17:26:45
Activado;StockFinal : Stock final confirmado;17/12/2021 15:23:52;89543430921233460526;PTPCDR8CI;1162843224;FAN_PTRHU;17/12/2021 17:22:13
Activado;StockFinal : Stock final confirmado;17/12/2021 15:23:52;89543430921233460534;PTPCDR8CI;1162843024;FAN_PTRHU;17/12/2021 17:22:15
Activado;StockFinal : Stock final confirmado;17/12/2021 15:23:52;89543430921233460542;PTPCDR8CI;1162842742;FAN_PTRHU;17/12/2021 17:24:04
Activado;StockFinal : Stock final confirmado;17/12/2021 15:23:52;89543430921233460559;PTPCDR8CI;1162842724;FAN_PTRHU;17/12/2021 17:26:36
Activado;StockFinal : Stock final confirmado;17/12/2021 15:23:52;89543430921233460567;PTPCDR8CI;1162842573;FAN_PTRHU;17/12/2021 17:24:17
Activado;StockFinal : Stock final confirmado;17/12/2021 15:23:52;89543430921233460575;PTPCDR8CI;1162842512;FAN_PTRHU;17/12/2021 17:27:09
Activado;StockFinal : Stock final confirmado;17/12/2021 15:23:52;89543430921233460583;PTPCDR8CI;1162842475;FAN_PTRHU;17/12/2021 17:24:26
Activado;StockFinal : Stock final confirmado;17/12/2021 15:23:52;89543430921233460591;PTPCDR8CI;1162842256;FAN_PTRHU;17/12/2021 17:23:10
Activado;StockFinal : Stock final confirmado;17/12/2021 15:23:52;89543430921233460609;PTPCDR8CI;1162841971;FAN_PTRHU;17/12/2021 17:25:56
Activado;StockFinal : Stock final confirmado;17/12/2021 15:23:52;89543430921233460617;PTPCDR8CI;1162841921;FAN_PTRHU;17/12/2021 17:28:10
Activado;StockFinal : Stock final confirmado;17/12/2021 15:23:52;89543430921233460625;PTPCDR8CI;1162841892;FAN_PTRHU;17/12/2021 17:23:13
Activado;StockFinal : Stock final confirmado;17/12/2021 15:23:52;89543430921233460633;PTPCDR8CI;1162841879;FAN_PTRHU;17/12/2021 17:27:13
Activado;StockFinal : Stock final confirmado;17/12/2021 15:23:52;89543430921233460641;PTPCDR8CI;1162841838;FAN_PTRHU;17/12/2021 17:24:51
Activado;StockFinal : Stock final confirmado;17/12/2021 15:23:52;89543430921233460658;PTPCDR8CI;1162841715;FAN_PTRHU;17/12/2021 17:25:15
Activado;StockFinal : Stock final confirmado;17/12/2021 15:23:52;89543430921233460666;PTPCDR8CI;1162841487;FAN_PTRHU;17/12/2021 17:25:41
Activado;StockFinal : Stock final confirmado;17/12/2021 15:23:52;89543430921233460674;PTPCDR8CI;1162841473;FAN_PTRHU;17/12/2021 17:27:23
Activado;StockFinal : Stock final confirmado;17/12/2021 15:23:52;89543430921233460682;PTPCDR8CI;1162841331;FAN_PTRHU;17/12/2021 17:22:52
Activado;StockFinal : Stock final confirmado;17/12/2021 15:23:52;89543430921233460690;PTPCDR8CI;1162841264;FAN_PTRHU;17/12/2021 17:24:48
Activado;StockFinal : Stock final confirmado;17/12/2021 15:23:52;89543430921233460708;PTPCDR8CI;1162841051;FAN_PTRHU;17/12/2021 17:26:39
Activado;StockFinal : Stock final confirmado;17/12/2021 15:23:52;89543430921233460716;PTPCDR8CI;1162840953;FAN_PTRHU;17/12/2021 17:26:03
Activado;StockFinal : Stock final confirmado;17/12/2021 15:23:52;89543430921233460724;PTPCDR8CI;1162840941;FAN_PTRHU;17/12/2021 17:26:58
Activado;StockFinal : Stock final confirmado;17/12/2021 15:23:52;89543430921233460732;PTPCDR8CI;1162840780;FAN_PTRHU;17/12/2021 17:22:51
Activado;StockFinal : Stock final confirmado;17/12/2021 15:23:52;89543430921233460740;PTPCDR8CI;1162840735;FAN_PTRHU;17/12/2021 17:25:33
Activado;StockFinal : Stock final confirmado;17/12/2021 15:23:52;89543430921233460757;PTPCDR8CI;1162840715;FAN_PTRHU;17/12/2021 17:25:49
Activado;StockFinal : Stock final confirmado;17/12/2021 15:23:52;89543430921233460765;PTPCDR8CI;1162840679;FAN_PTRHU;17/12/2021 17:27:53
Activado;StockFinal : Stock final confirmado;17/12/2021 15:23:52;89543430921233460773;PTPCDR8CI;1162840536;FAN_PTRHU;17/12/2021 17:22:31
Activado;StockFinal : Stock final confirmado;17/12/2021 15:23:52;89543430921233460781;PTPCDR8CI;1162840458;FAN_PTRHU;17/12/2021 17:24:23
Activado;StockFinal : Stock final confirmado;17/12/2021 15:23:52;89543430921233460799;PTPCDR8CI;1162840380;FAN_PTRHU;17/12/2021 17:26:11
Activado;StockFinal : Stock final confirmado;17/12/2021 15:23:52;89543430921233460807;PTPCDR8CI;1162840320;FAN_PTRHU;17/12/2021 17:23:36
Activado;StockFinal : Stock final confirmado;17/12/2021 15:23:52;89543430921233460815;PTPCDR8CI;1162859986;FAN_PTRHU;17/12/2021 17:23:37
Activado;StockFinal : Stock final confirmado;17/12/2021 15:23:52;89543430921233460823;PTPCDR8CI;1162859931;FAN_PTRHU;17/12/2021 17:28:22
Activado;StockFinal : Stock final confirmado;17/12/2021 15:23:52;89543430921233460831;PTPCDR8CI;1162859768;FAN_PTRHU;17/12/2021 17:25:30
Activado;StockFinal : Stock final confirmado;17/12/2021 15:23:52;89543430921233460849;PTPCDR8CI;1162859698;FAN_PTRHU;17/12/2021 17:22:19
Activado;StockFinal : Stock final confirmado;17/12/2021 15:23:52;89543430921233460856;PTPCDR8CI;1162859697;FAN_PTRHU;17/12/2021 17:26:45
Activado;StockFinal : Stock final confirmado;17/12/2021 15:23:52;89543430921233460864;PTPCDR8CI;1162859634;FAN_PTRHU;17/12/2021 17:25:19
Activado;StockFinal : Stock final confirmado;17/12/2021 15:23:52;89543430921233460872;PTPCDR8CI;1162859628;FAN_PTRHU;17/12/2021 17:26:24
Activado;StockFinal : Stock final confirmado;17/12/2021 15:23:52;89543430921233460880;PTPCDR8CI;1162859590;FAN_PTRHU;17/12/2021 17:25:08
Activado;StockFinal : Stock final confirmado;17/12/2021 15:23:52;89543430921233460898;PTPCDR8CI;1162859571;FAN_PTRHU;17/12/2021 17:26:16
Activado;StockFinal : Stock final confirmado;17/12/2021 15:23:52;89543430921233460906;PTPCDR8CI;1162859568;FAN_PTRHU;17/12/2021 17:29:02
Activado;StockFinal : Stock final confirmado;17/12/2021 15:23:52;89543430921233460914;PTPCDR8CI;1162859529;FAN_PTRHU;17/12/2021 17:22:27
Activado;StockFinal : Stock final confirmado;17/12/2021 15:23:52;89543430921233460922;PTPCDR8CI;1162859500;FAN_PTRHU;17/12/2021 17:24:49
Activado;StockFinal : Stock final confirmado;17/12/2021 15:23:52;89543430921233460930;PTPCDR8CI;1162859481;FAN_PTRHU;17/12/2021 17:28:50
Activado;StockFinal : Stock final confirmado;17/12/2021 15:23:52;89543430921233460948;PTPCDR8CI;1162859462;FAN_PTRHU;17/12/2021 17:23:58
Activado;StockFinal : Stock final confirmado;17/12/2021 15:23:52;89543430921233460955;PTPCDR8CI;1162859398;FAN_PTRHU;17/12/2021 17:27:33
Activado;StockFinal : Stock final confirmado;17/12/2021 15:23:52;89543430921233460963;PTPCDR8CI;1162859313;FAN_PTRHU;17/12/2021 17:23:07
Activado;StockFinal : Stock final confirmado;17/12/2021 15:23:52;89543430921233460971;PTPCDR8CI;1162859196;FAN_PTRHU;17/12/2021 17:27:26
Activado;StockFinal : Stock final confirmado;17/12/2021 15:23:52;89543430921233460989;PTPCDR8CI;1162859158;FAN_PTRHU;17/12/2021 17:24:51
Activado;StockFinal : Stock final confirmado;17/12/2021 15:23:52;89543430921233460997;PTPCDR8CI;1162859110;FAN_PTRHU;17/12/2021 17:25:26
Activado;StockFinal : Stock final confirmado;17/12/2021 15:23:52;89543430921233461003;PTPCDR8CI;1162858984;FAN_PTRHU;17/12/2021 17:25:29
Activado;StockFinal : Stock final confirmado;17/12/2021 15:23:52;89543430921233461011;PTPCDR8CI;1162858979;FAN_PTRHU;17/12/2021 17:22:21
Activado;StockFinal : Stock final confirmado;17/12/2021 15:23:52;89543430921233461029;PTPCDR8CI;1162858861;FAN_PTRHU;17/12/2021 17:25:41
Activado;StockFinal : Stock final confirmado;17/12/2021 15:23:52;89543430921233461037;PTPCDR8CI;1162858826;FAN_PTRHU;17/12/2021 17:28:30
Activado;StockFinal : Stock final confirmado;17/12/2021 15:23:52;89543430921233461045;PTPCDR8CI;1162858723;FAN_PTRHU;17/12/2021 17:22:39
Activado;StockFinal : Stock final confirmado;17/12/2021 15:23:52;89543430921233461052;PTPCDR8CI;1162858721;FAN_PTRHU;17/12/2021 17:25:06
Activado;StockFinal : Stock final confirmado;17/12/2021 15:23:52;89543430921233461060;PTPCDR8CI;1162858642;FAN_PTRHU;17/12/2021 17:24:56
Activado;StockFinal : Stock final confirmado;17/12/2021 15:23:52;89543430921233461078;PTPCDR8CI;1162858638;FAN_PTRHU;17/12/2021 17:27:33
Activado;StockFinal : Stock final confirmado;17/12/2021 15:23:52;89543430921233461086;PTPCDR8CI;1162858547;FAN_PTRHU;17/12/2021 17:25:49
Activado;StockFinal : Stock final confirmado;17/12/2021 15:23:52;89543430921233461094;PTPCDR8CI;1162858500;FAN_PTRHU;17/12/2021 17:24:26
Activado;StockFinal : Stock final confirmado;17/12/2021 15:23:52;89543430921233461102;PTPCDR8CI;1162858391;FAN_PTRHU;17/12/2021 17:25:54
Activado;StockFinal : Stock final confirmado;17/12/2021 15:23:52;89543430921233461110;PTPCDR8CI;1162858318;FAN_PTRHU;17/12/2021 17:25:36
Activado;StockFinal : Stock final confirmado;17/12/2021 15:23:52;89543430921233461128;PTPCDR8CI;1162857906;FAN_PTRHU;17/12/2021 17:27:04
Activado;StockFinal : Stock final confirmado;17/12/2021 15:23:52;89543430921233461136;PTPCDR8CI;1162857681;FAN_PTRHU;17/12/2021 17:27:16
Activado;StockFinal : Stock final confirmado;17/12/2021 15:23:52;89543430921233461144;PTPCDR8CI;1162857622;FAN_PTRHU;17/12/2021 17:25:58
Activado;StockFinal : Stock final confirmado;17/12/2021 15:23:52;89543430921233461151;PTPCDR8CI;1162857591;FAN_PTRHU;17/12/2021 17:25:49
Activado;StockFinal : Stock final confirmado;17/12/2021 15:23:52;89543430921233461169;PTPCDR8CI;1162857357;FAN_PTRHU;17/12/2021 17:24:53
Activado;StockFinal : Stock final confirmado;17/12/2021 15:23:52;89543430921233461177;PTPCDR8CI;1162857297;FAN_PTRHU;17/12/2021 17:26:07
Activado;StockFinal : Stock final confirmado;17/12/2021 15:23:52;89543430921233461185;PTPCDR8CI;1162857220;FAN_PTRHU;17/12/2021 17:25:10
Activado;StockFinal : Stock final confirmado;17/12/2021 15:23:52;89543430921233461193;PTPCDR8CI;1162857185;FAN_PTRHU;17/12/2021 17:24:46
Activado;StockFinal : Stock final confirmado;17/12/2021 15:23:52;89543430921233461201;PTPCDR8CI;1162856839;FAN_PTRHU;17/12/2021 17:25:31
Activado;StockFinal : Stock final confirmado;17/12/2021 15:23:52;89543430921233461219;PTPCDR8CI;1162856760;FAN_PTRHU;17/12/2021 17:24:08
Activado;StockFinal : Stock final confirmado;17/12/2021 15:23:52;89543430921233461227;PTPCDR8CI;1162856638;FAN_PTRHU;17/12/2021 17:23:09
Activado;StockFinal : Stock final confirmado;17/12/2021 15:23:52;89543430921233461235;PTPCDR8CI;1162856570;FAN_PTRHU;17/12/2021 17:23:44
Activado;StockFinal : Stock final confirmado;17/12/2021 15:23:52;89543430921233461243;PTPCDR8CI;1162856552;FAN_PTRHU;17/12/2021 17:26:48
Activado;StockFinal : Stock final confirmado;17/12/2021 15:23:52;89543430921233461250;PTPCDR8CI;1162856548;FAN_PTRHU;17/12/2021 17:25:18
Activado;StockFinal : Stock final confirmado;17/12/2021 15:23:52;89543430921233461268;PTPCDR8CI;1162856300;FAN_PTRHU;17/12/2021 17:26:45
Activado;StockFinal : Stock final confirmado;17/12/2021 15:23:52;89543430921233461276;PTPCDR8CI;1162856295;FAN_PTRHU;17/12/2021 17:24:37
Activado;StockFinal : Stock final confirmado;17/12/2021 15:23:52;89543430921233461284;PTPCDR8CI;1162856290;FAN_PTRHU;17/12/2021 17:28:00
Activado;StockFinal : Stock final confirmado;17/12/2021 15:23:52;89543430921233461292;PTPCDR8CI;1162856193;FAN_PTRHU;17/12/2021 17:27:29
Activado;StockFinal : Stock final confirmado;17/12/2021 15:23:52;89543430921233461300;PTPCDR8CI;1162856187;FAN_PTRHU;17/12/2021 17:22:56
Activado;StockFinal : Stock final confirmado;17/12/2021 15:23:52;89543430921233461318;PTPCDR8CI;1162856049;FAN_PTRHU;17/12/2021 17:26:31
Activado;StockFinal : Stock final confirmado;17/12/2021 15:23:52;89543430921233461326;PTPCDR8CI;1162855713;FAN_PTRHU;17/12/2021 17:26:01
Activado;StockFinal : Stock final confirmado;17/12/2021 15:23:52;89543430921233461334;PTPCDR8CI;1162855558;FAN_PTRHU;17/12/2021 17:27:35
Activado;StockFinal : Stock final confirmado;17/12/2021 15:23:52;89543430921233461342;PTPCDR8CI;1162855462;FAN_PTRHU;17/12/2021 17:26:16
Activado;StockFinal : Stock final confirmado;17/12/2021 15:23:52;89543430921233461359;PTPCDR8CI;1162855430;FAN_PTRHU;17/12/2021 17:24:34
Activado;StockFinal : Stock final confirmado;17/12/2021 15:23:52;89543430921233461367;PTPCDR8CI;1162855421;FAN_PTRHU;17/12/2021 17:27:38
Activado;StockFinal : Stock final confirmado;17/12/2021 15:23:52;89543430921233461375;PTPCDR8CI;1162855390;FAN_PTRHU;17/12/2021 17:23:22
Activado;StockFinal : Stock final confirmado;17/12/2021 15:23:52;89543430921233461383;PTPCDR8CI;1162855285;FAN_PTRHU;17/12/2021 17:24:16
Activado;StockFinal : Stock final confirmado;17/12/2021 15:23:52;89543430921233461391;PTPCDR8CI;1162855225;FAN_PTRHU;17/12/2021 17:25:13
Activado;StockFinal : Stock final confirmado;17/12/2021 15:23:52;89543430921233461409;PTPCDR8CI;1162855009;FAN_PTRHU;17/12/2021 17:25:33
Activado;StockFinal : Stock final confirmado;17/12/2021 15:23:52;89543430921233461417;PTPCDR8CI;1162854800;FAN_PTRHU;17/12/2021 17:26:17
Activado;StockFinal : Stock final confirmado;17/12/2021 15:23:52;89543430921233461425;PTPCDR8CI;1162854626;FAN_PTRHU;17/12/2021 17:27:33
Activado;StockFinal : Stock final confirmado;17/12/2021 15:23:52;89543430921233461433;PTPCDR8CI;1162854231;FAN_PTRHU;17/12/2021 17:25:15
Activado;StockFinal : Stock final confirmado;17/12/2021 15:23:52;89543430921233461441;PTPCDR8CI;1162854189;FAN_PTRHU;17/12/2021 17:25:18
Activado;StockFinal : Stock final confirmado;17/12/2021 15:23:52;89543430921233461458;PTPCDR8CI;1162853622;FAN_PTRHU;17/12/2021 17:25:18
Activado;StockFinal : Stock final confirmado;17/12/2021 15:23:52;89543430921233461466;PTPCDR8CI;1162853258;FAN_PTRHU;17/12/2021 17:24:41
Activado;StockFinal : Stock final confirmado;17/12/2021 15:23:52;89543430921233461474;PTPCDR8CI;1162853255;FAN_PTRHU;17/12/2021 17:24:49
Activado;StockFinal : Stock final confirmado;17/12/2021 15:23:52;89543430921233461482;PTPCDR8CI;1162852894;FAN_PTRHU;17/12/2021 17:27:35
Activado;StockFinal : Stock final confirmado;17/12/2021 15:23:52;89543430921233461490;PTPCDR8CI;1162852366;FAN_PTRHU;17/12/2021 17:23:13
Activado;StockFinal : Stock final confirmado;17/12/2021 15:23:52;89543430921233461508;PTPCDR8CI;1162852220;FAN_PTRHU;17/12/2021 17:25:51
Activado;StockFinal : Stock final confirmado;17/12/2021 15:23:52;89543430921233461516;PTPCDR8CI;1162852098;FAN_PTRHU;17/12/2021 17:23:41
Activado;StockFinal : Stock final confirmado;17/12/2021 15:23:52;89543430921233461524;PTPCDR8CI;1162852085;FAN_PTRHU;17/12/2021 17:24:41
Activado;StockFinal : Stock final confirmado;17/12/2021 15:23:52;89543430921233461532;PTPCDR8CI;1162851794;FAN_PTRHU;17/12/2021 17:26:47
Activado;StockFinal : Stock final confirmado;17/12/2021 15:23:52;89543430921233461540;PTPCDR8CI;1162851701;FAN_PTRHU;17/12/2021 17:25:21
Activado;StockFinal : Stock final confirmado;17/12/2021 15:23:52;89543430921233461557;PTPCDR8CI;1162851664;FAN_PTRHU;17/12/2021 17:26:43
Activado;StockFinal : Stock final confirmado;17/12/2021 15:23:52;89543430921233461565;PTPCDR8CI;1162851605;FAN_PTRHU;17/12/2021 17:27:16
Activado;StockFinal : Stock final confirmado;17/12/2021 15:23:52;89543430921233461573;PTPCDR8CI;1162851560;FAN_PTRHU;17/12/2021 17:25:04
Activado;StockFinal : Stock final confirmado;17/12/2021 15:23:52;89543430921233461581;PTPCDR8CI;1162851551;FAN_PTRHU;17/12/2021 17:25:38
Activado;StockFinal : Stock final confirmado;17/12/2021 15:23:52;89543430921233461599;PTPCDR8CI;1162851533;FAN_PTRHU;17/12/2021 17:26:09
Activado;StockFinal : Stock final confirmado;17/12/2021 15:23:52;89543430921233461607;PTPCDR8CI;1162851509;FAN_PTRHU;17/12/2021 17:23:40
Activado;StockFinal : Stock final confirmado;17/12/2021 15:23:52;89543430921233461615;PTPCDR8CI;1162851105;FAN_PTRHU;17/12/2021 17:29:26
Activado;StockFinal : Stock final confirmado;17/12/2021 15:23:52;89543430921233461623;PTPCDR8CI;1162850997;FAN_PTRHU;17/12/2021 17:26:06
Activado;StockFinal : Stock final confirmado;17/12/2021 15:23:52;89543430921233461631;PTPCDR8CI;1162850961;FAN_PTRHU;17/12/2021 17:26:00
Activado;StockFinal : Stock final confirmado;17/12/2021 15:23:52;89543430921233461649;PTPCDR8CI;1162850918;FAN_PTRHU;17/12/2021 17:25:05
Activado;StockFinal : Stock final confirmado;17/12/2021 15:23:52;89543430921233461656;PTPCDR8CI;1162850801;FAN_PTRHU;17/12/2021 17:24:30
Activado;StockFinal : Stock final confirmado;17/12/2021 15:23:52;89543430921233461664;PTPCDR8CI;1162850779;FAN_PTRHU;17/12/2021 17:26:55
Activado;StockFinal : Stock final confirmado;17/12/2021 15:23:52;89543430921233461672;PTPCDR8CI;1162850759;FAN_PTRHU;17/12/2021 17:24:53
Activado;StockFinal : Stock final confirmado;17/12/2021 15:23:52;89543430921233461680;PTPCDR8CI;1162850755;FAN_PTRHU;17/12/2021 17:24:11
Activado;StockFinal : Stock final confirmado;17/12/2021 15:23:52;89543430921233461698;PTPCDR8CI;1162850679;FAN_PTRHU;17/12/2021 17:26:29
Activado;StockFinal : Stock final confirmado;17/12/2021 15:23:52;89543430921233461706;PTPCDR8CI;1162850625;FAN_PTRHU;17/12/2021 17:26:10
Activado;StockFinal : Stock final confirmado;17/12/2021 15:23:52;89543430921233461714;PTPCDR8CI;1162850590;FAN_PTRHU;17/12/2021 17:25:14
Activado;StockFinal : Stock final confirmado;17/12/2021 15:23:52;89543430921233461722;PTPCDR8CI;1162850480;FAN_PTRHU;17/12/2021 17:27:44
Activado;StockFinal : Stock final confirmado;17/12/2021 15:23:52;89543430921233461730;PTPCDR8CI;1162850445;FAN_PTRHU;17/12/2021 17:26:22
Activado;StockFinal : Stock final confirmado;17/12/2021 15:23:52;89543430921233461748;PTPCDR8CI;1162850353;FAN_PTRHU;17/12/2021 17:25:22
Activado;StockFinal : Stock final confirmado;17/12/2021 15:23:52;89543430921233461755;PTPCDR8CI;1162850346;FAN_PTRHU;17/12/2021 17:28:37
Activado;StockFinal : Stock final confirmado;17/12/2021 15:23:52;89543430921233461763;PTPCDR8CI;1162850246;FAN_PTRHU;17/12/2021 17:25:43
Activado;StockFinal : Stock final confirmado;17/12/2021 15:23:52;89543430921233461771;PTPCDR8CI;1162850242;FAN_PTRHU;17/12/2021 17:26:16
Activado;StockFinal : Stock final confirmado;17/12/2021 15:23:52;89543430921233461789;PTPCDR8CI;1162850235;FAN_PTRHU;17/12/2021 17:25:45
Activado;StockFinal : Stock final confirmado;17/12/2021 15:23:52;89543430921233461797;PTPCDR8CI;1162850161;FAN_PTRHU;17/12/2021 17:26:11
Activado;StockFinal : Stock final confirmado;17/12/2021 15:23:52;89543430921233461805;PTPCDR8CI;1162850142;FAN_PTRHU;17/12/2021 17:25:24
Activado;StockFinal : Stock final confirmado;17/12/2021 15:23:52;89543430921233461813;PTPCDR8CI;1162850102;FAN_PTRHU;17/12/2021 17:25:55
Activado;StockFinal : Stock final confirmado;17/12/2021 15:23:52;89543430921233461821;PTPCDR8CI;1162850064;FAN_PTRHU;17/12/2021 17:24:19
Activado;StockFinal : Stock final confirmado;17/12/2021 15:23:52;89543430921233461839;PTPCDR8CI;1162759941;FAN_PTRHU;17/12/2021 17:24:15
Activado;StockFinal : Stock final confirmado;17/12/2021 15:23:52;89543430921233461847;PTPCDR8CI;1162759916;FAN_PTRHU;17/12/2021 17:26:59
Activado;StockFinal : Stock final confirmado;17/12/2021 15:23:52;89543430921233461854;PTPCDR8CI;1162759911;FAN_PTRHU;17/12/2021 17:27:50
Activado;StockFinal : Stock final confirmado;17/12/2021 15:23:52;89543430921233461862;PTPCDR8CI;1162759566;FAN_PTRHU;17/12/2021 17:24:17
Activado;StockFinal : Stock final confirmado;17/12/2021 15:23:52;89543430921233461870;PTPCDR8CI;1162759528;FAN_PTRHU;17/12/2021 17:27:43
Activado;StockFinal : Stock final confirmado;17/12/2021 15:23:52;89543430921233461888;PTPCDR8CI;1162759490;FAN_PTRHU;17/12/2021 17:28:11
Activado;StockFinal : Stock final confirmado;17/12/2021 15:23:52;89543430921233461896;PTPCDR8CI;1162759433;FAN_PTRHU;17/12/2021 17:27:59
Activado;StockFinal : Stock final confirmado;17/12/2021 15:23:52;89543430921233461904;PTPCDR8CI;1162759364;FAN_PTRHU;17/12/2021 17:25:06
Activado;StockFinal : Stock final confirmado;17/12/2021 15:23:52;89543430921233461912;PTPCDR8CI;1162759287;FAN_PTRHU;17/12/2021 17:25:54
Activado;StockFinal : Stock final confirmado;17/12/2021 15:23:52;89543430921233461920;PTPCDR8CI;1162759279;FAN_PTRHU;17/12/2021 17:26:00
Activado;StockFinal : Stock final confirmado;17/12/2021 15:23:52;89543430921233461938;PTPCDR8CI;1162759265;FAN_PTRHU;17/12/2021 17:27:05
Activado;StockFinal : Stock final confirmado;17/12/2021 15:23:52;89543430921233461946;PTPCDR8CI;1162759213;FAN_PTRHU;17/12/2021 17:25:27
Activado;StockFinal : Stock final confirmado;17/12/2021 15:23:52;89543430921233461953;PTPCDR8CI;1162759212;FAN_PTRHU;17/12/2021 17:23:01
Activado;StockFinal : Stock final confirmado;17/12/2021 15:23:52;89543430921233461961;PTPCDR8CI;1162758959;FAN_PTRHU;17/12/2021 17:23:21
Activado;StockFinal : Stock final confirmado;17/12/2021 15:23:52;89543430921233461979;PTPCDR8CI;1162758944;FAN_PTRHU;17/12/2021 17:24:21
Activado;StockFinal : Stock final confirmado;17/12/2021 15:23:52;89543430921233461987;PTPCDR8CI;1162758867;FAN_PTRHU;17/12/2021 17:27:54
Activado;StockFinal : Stock final confirmado;17/12/2021 15:23:52;89543430921233461995;PTPCDR8CI;1162758651;FAN_PTRHU;17/12/2021 17:26:10
Activado;StockFinal : Stock final confirmado;17/12/2021 15:23:52;89543430921233462001;PTPCDR8CI;1162758454;FAN_PTRHU;17/12/2021 17:24:57
Activado;StockFinal : Stock final confirmado;17/12/2021 15:23:52;89543430921233462019;PTPCDR8CI;1162758389;FAN_PTRHU;17/12/2021 17:29:07
Activado;StockFinal : Stock final confirmado;17/12/2021 15:23:52;89543430921233462027;PTPCDR8CI;1162758365;FAN_PTRHU;17/12/2021 17:26:26
Activado;StockFinal : Stock final confirmado;17/12/2021 15:23:52;89543430921233462035;PTPCDR8CI;1162758308;FAN_PTRHU;17/12/2021 17:23:55
Activado;StockFinal : Stock final confirmado;17/12/2021 15:23:52;89543430921233462043;PTPCDR8CI;1162758272;FAN_PTRHU;17/12/2021 17:26:36
Activado;StockFinal : Stock final confirmado;17/12/2021 15:23:52;89543430921233462050;PTPCDR8CI;1162758254;FAN_PTRHU;17/12/2021 17:27:35
Activado;StockFinal : Stock final confirmado;17/12/2021 15:23:52;89543430921233462068;PTPCDR8CI;1162758236;FAN_PTRHU;17/12/2021 17:26:34
Activado;StockFinal : Stock final confirmado;17/12/2021 15:23:52;89543430921233462076;PTPCDR8CI;1162758190;FAN_PTRHU;17/12/2021 17:26:25
Activado;StockFinal : Stock final confirmado;17/12/2021 15:23:52;89543430921233462084;PTPCDR8CI;1162758187;FAN_PTRHU;17/12/2021 17:25:37
Activado;StockFinal : Stock final confirmado;17/12/2021 15:23:52;89543430921233462092;PTPCDR8CI;1162758075;FAN_PTRHU;17/12/2021 17:25:35
Activado;StockFinal : Stock final confirmado;17/12/2021 15:23:52;89543430921233462100;PTPCDR8CI;1162757904;FAN_PTRHU;17/12/2021 17:27:52
Activado;StockFinal : Stock final confirmado;17/12/2021 15:23:52;89543430921233462118;PTPCDR8CI;1162757853;FAN_PTRHU;17/12/2021 17:27:21
Activado;StockFinal : Stock final confirmado;17/12/2021 15:23:52;89543430921233462126;PTPCDR8CI;1162757705;FAN_PTRHU;17/12/2021 17:24:46
Activado;StockFinal : Stock final confirmado;17/12/2021 15:23:52;89543430921233462134;PTPCDR8CI;1162757684;FAN_PTRHU;17/12/2021 17:27:18
Activado;StockFinal : Stock final confirmado;17/12/2021 15:23:52;89543430921233462142;PTPCDR8CI;1162757679;FAN_PTRHU;17/12/2021 17:27:21
Activado;StockFinal : Stock final confirmado;17/12/2021 15:23:52;89543430921233462159;PTPCDR8CI;1162757671;FAN_PTRHU;17/12/2021 17:26:17
Activado;StockFinal : Stock final confirmado;17/12/2021 15:23:52;89543430921233462167;PTPCDR8CI;1162757668;FAN_PTRHU;17/12/2021 17:26:23
Activado;StockFinal : Stock final confirmado;17/12/2021 15:23:52;89543430921233462175;PTPCDR8CI;1162757626;FAN_PTRHU;17/12/2021 17:23:03
Activado;StockFinal : Stock final confirmado;17/12/2021 15:23:52;89543430921233462183;PTPCDR8CI;1162757619;FAN_PTRHU;17/12/2021 17:24:15
Activado;StockFinal : Stock final confirmado;17/12/2021 15:23:52;89543430921233462191;PTPCDR8CI;1162757539;FAN_PTRHU;17/12/2021 17:27:30
Activado;StockFinal : Stock final confirmado;17/12/2021 15:23:52;89543430921233462209;PTPCDR8CI;1162757534;FAN_PTRHU;17/12/2021 17:26:38
Activado;StockFinal : Stock final confirmado;17/12/2021 15:23:52;89543430921233462217;PTPCDR8CI;1162757364;FAN_PTRHU;17/12/2021 17:24:40
Activado;StockFinal : Stock final confirmado;17/12/2021 15:23:52;89543430921233462225;PTPCDR8CI;1162757357;FAN_PTRHU;17/12/2021 17:28:36
Activado;StockFinal : Stock final confirmado;17/12/2021 15:23:52;89543430921233462233;PTPCDR8CI;1162756882;FAN_PTRHU;17/12/2021 17:23:50
Activado;StockFinal : Stock final confirmado;17/12/2021 15:23:52;89543430921233462241;PTPCDR8CI;1162756720;FAN_PTRHU;17/12/2021 17:28:26
Activado;StockFinal : Stock final confirmado;17/12/2021 15:23:52;89543430921233462258;PTPCDR8CI;1162756466;FAN_PTRHU;17/12/2021 17:23:51
Activado;StockFinal : Stock final confirmado;17/12/2021 15:23:52;89543430921233462266;PTPCDR8CI;1162756445;FAN_PTRHU;17/12/2021 17:25:50
Activado;StockFinal : Stock final confirmado;17/12/2021 15:23:52;89543430921233462274;PTPCDR8CI;1162756170;FAN_PTRHU;17/12/2021 17:28:00
Activado;StockFinal : Stock final confirmado;17/12/2021 15:23:52;89543430921233462282;PTPCDR8CI;1162756158;FAN_PTRHU;17/12/2021 17:27:18
Activado;StockFinal : Stock final confirmado;17/12/2021 15:23:52;89543430921233462290;PTPCDR8CI;1162756027;FAN_PTRHU;17/12/2021 17:23:00
Activado;StockFinal : Stock final confirmado;17/12/2021 15:23:52;89543430921233462308;PTPCDR8CI;1162756023;FAN_PTRHU;17/12/2021 17:26:22
Activado;StockFinal : Stock final confirmado;17/12/2021 15:23:52;89543430921233462316;PTPCDR8CI;1162756010;FAN_PTRHU;17/12/2021 17:23:53
Activado;StockFinal : Stock final confirmado;17/12/2021 15:23:52;89543430921233462324;PTPCDR8CI;1162755977;FAN_PTRHU;17/12/2021 17:26:00
Activado;StockFinal : Stock final confirmado;17/12/2021 15:23:52;89543430921233462332;PTPCDR8CI;1162755511;FAN_PTRHU;17/12/2021 17:22:42
Activado;StockFinal : Stock final confirmado;17/12/2021 15:23:52;89543430921233462340;PTPCDR8CI;1162755487;FAN_PTRHU;17/12/2021 17:26:09
Activado;StockFinal : Stock final confirmado;17/12/2021 15:23:52;89543430921233462357;PTPCDR8CI;1162755345;FAN_PTRHU;17/12/2021 17:26:32
Activado;StockFinal : Stock final confirmado;17/12/2021 15:23:52;89543430921233462365;PTPCDR8CI;1162755343;FAN_PTRHU;17/12/2021 17:25:16
Activado;StockFinal : Stock final confirmado;17/12/2021 15:23:52;89543430921233462373;PTPCDR8CI;1162755314;FAN_PTRHU;17/12/2021 17:24:34
Activado;StockFinal : Stock final confirmado;17/12/2021 15:23:52;89543430921233462381;PTPCDR8CI;1162755147;FAN_PTRHU;17/12/2021 17:27:24
Activado;StockFinal : Stock final confirmado;17/12/2021 15:23:52;89543430921233462399;PTPCDR8CI;1162755095;FAN_PTRHU;17/12/2021 17:32:49
Activado;StockFinal : Stock final confirmado;17/12/2021 15:23:52;89543430921233462407;PTPCDR8CI;1162754812;FAN_PTRHU;17/12/2021 17:27:38
Activado;StockFinal : Stock final confirmado;17/12/2021 15:23:52;89543430921233462415;PTPCDR8CI;1162754769;FAN_PTRHU;17/12/2021 17:25:09
Activado;StockFinal : Stock final confirmado;17/12/2021 15:23:52;89543430921233462423;PTPCDR8CI;1162754550;FAN_PTRHU;17/12/2021 17:33:27
Activado;StockFinal : Stock final confirmado;17/12/2021 15:23:52;89543430921233462431;PTPCDR8CI;1162754401;FAN_PTRHU;17/12/2021 17:29:13
Activado;StockFinal : Stock final confirmado;17/12/2021 15:23:52;89543430921233462449;PTPCDR8CI;1162754400;FAN_PTRHU;17/12/2021 17:26:05
Activado;StockFinal : Stock final confirmado;17/12/2021 15:23:52;89543430921233462456;PTPCDR8CI;1162754369;FAN_PTRHU;17/12/2021 17:26:56
Activado;StockFinal : Stock final confirmado;17/12/2021 15:23:52;89543430921233462464;PTPCDR8CI;1162754363;FAN_PTRHU;17/12/2021 17:23:01
Activado;StockFinal : Stock final confirmado;17/12/2021 15:23:52;89543430921233462472;PTPCDR8CI;1162754361;FAN_PTRHU;17/12/2021 17:26:18
Activado;StockFinal : Stock final confirmado;17/12/2021 15:23:52;89543430921233462480;PTPCDR8CI;1162754282;FAN_PTRHU;17/12/2021 17:27:40
Activado;StockFinal : Stock final confirmado;17/12/2021 15:23:52;89543430921233462498;PTPCDR8CI;1162754019;FAN_PTRHU;17/12/2021 17:24:35
Activado;StockFinal : Stock final confirmado;17/12/2021 15:23:52;89543430921233462506;PTPCDR8CI;1162753921;FAN_PTRHU;17/12/2021 17:24:23
Activado;StockFinal : Stock final confirmado;17/12/2021 15:23:52;89543430921233462514;PTPCDR8CI;1162753916;FAN_PTRHU;17/12/2021 17:24:52
Activado;StockFinal : Stock final confirmado;17/12/2021 15:23:52;89543430921233462522;PTPCDR8CI;1162753880;FAN_PTRHU;17/12/2021 17:26:37
Activado;StockFinal : Stock final confirmado;17/12/2021 15:23:52;89543430921233462530;PTPCDR8CI;1162753879;FAN_PTRHU;17/12/2021 17:33:46
Activado;StockFinal : Stock final confirmado;17/12/2021 15:23:52;89543430921233462548;PTPCDR8CI;1162753784;FAN_PTRHU;17/12/2021 17:25:05
Activado;StockFinal : Stock final confirmado;17/12/2021 15:23:52;89543430921233462555;PTPCDR8CI;1162753768;FAN_PTRHU;17/12/2021 17:24:55
Activado;StockFinal : Stock final confirmado;17/12/2021 15:23:52;89543430921233462563;PTPCDR8CI;1162753694;FAN_PTRHU;17/12/2021 17:27:30
Activado;StockFinal : Stock final confirmado;17/12/2021 15:23:52;89543430921233462571;PTPCDR8CI;1162753640;FAN_PTRHU;17/12/2021 17:23:59
Activado;StockFinal : Stock final confirmado;17/12/2021 15:23:52;89543430921233462589;PTPCDR8CI;1162753638;FAN_PTRHU;17/12/2021 17:25:58
Activado;StockFinal : Stock final confirmado;17/12/2021 15:23:52;89543430921233462597;PTPCDR8CI;1162753636;FAN_PTRHU;17/12/2021 17:23:20
Activado;StockFinal : Stock final confirmado;17/12/2021 15:23:52;89543430921233462605;PTPCDR8CI;1162753570;FAN_PTRHU;17/12/2021 17:26:21
Activado;StockFinal : Stock final confirmado;17/12/2021 15:23:52;89543430921233462613;PTPCDR8CI;1162753489;FAN_PTRHU;17/12/2021 17:25:27
Activado;StockFinal : Stock final confirmado;17/12/2021 15:23:52;89543430921233462621;PTPCDR8CI;1162753481;FAN_PTRHU;17/12/2021 17:30:11
Activado;StockFinal : Stock final confirmado;17/12/2021 15:23:52;89543430921233462639;PTPCDR8CI;1162753449;FAN_PTRHU;17/12/2021 17:28:43
Activado;StockFinal : Stock final confirmado;17/12/2021 15:23:52;89543430921233462647;PTPCDR8CI;1162753288;FAN_PTRHU;17/12/2021 17:33:59
Activado;StockFinal : Stock final confirmado;17/12/2021 15:23:52;89543430921233462654;PTPCDR8CI;1162753055;FAN_PTRHU;17/12/2021 17:29:24
Activado;StockFinal : Stock final confirmado;17/12/2021 15:23:52;89543430921233462662;PTPCDR8CI;1162752762;FAN_PTRHU;17/12/2021 17:33:19
Activado;StockFinal : Stock final confirmado;17/12/2021 15:23:52;89543430921233462670;PTPCDR8CI;1162752755;FAN_PTRHU;17/12/2021 17:24:00
Activado;StockFinal : Stock final confirmado;17/12/2021 15:23:52;89543430921233462688;PTPCDR8CI;1162752591;FAN_PTRHU;17/12/2021 17:24:07
Activado;StockFinal : Stock final confirmado;17/12/2021 15:23:52;89543430921233462696;PTPCDR8CI;1162752558;FAN_PTRHU;17/12/2021 17:25:43
Activado;StockFinal : Stock final confirmado;17/12/2021 15:23:52;89543430921233462704;PTPCDR8CI;1162752542;FAN_PTRHU;17/12/2021 17:24:38
Activado;StockFinal : Stock final confirmado;17/12/2021 15:23:52;89543430921233462712;PTPCDR8CI;1162752532;FAN_PTRHU;17/12/2021 17:26:22
Activado;StockFinal : Stock final confirmado;17/12/2021 15:23:52;89543430921233462720;PTPCDR8CI;1162752480;FAN_PTRHU;17/12/2021 17:29:39
Activado;StockFinal : Stock final confirmado;17/12/2021 15:23:52;89543430921233462738;PTPCDR8CI;1162752185;FAN_PTRHU;17/12/2021 17:23:36
Activado;StockFinal : Stock final confirmado;17/12/2021 15:23:52;89543430921233462746;PTPCDR8CI;1162752174;FAN_PTRHU;17/12/2021 17:24:28
Activado;StockFinal : Stock final confirmado;17/12/2021 15:23:52;89543430921233462753;PTPCDR8CI;1162751990;FAN_PTRHU;17/12/2021 17:26:02
Activado;StockFinal : Stock final confirmado;17/12/2021 15:23:52;89543430921233462761;PTPCDR8CI;1162751934;FAN_PTRHU;17/12/2021 17:29:04
Activado;StockFinal : Stock final confirmado;17/12/2021 15:23:52;89543430921233462779;PTPCDR8CI;1162751882;FAN_PTRHU;17/12/2021 17:26:25
Activado;StockFinal : Stock final confirmado;17/12/2021 15:23:52;89543430921233462787;PTPCDR8CI;1162751869;FAN_PTRHU;17/12/2021 17:27:16
Activado;StockFinal : Stock final confirmado;17/12/2021 15:23:52;89543430921233462795;PTPCDR8CI;1162751840;FAN_PTRHU;17/12/2021 17:26:47
Activado;StockFinal : Stock final confirmado;17/12/2021 15:23:52;89543430921233462803;PTPCDR8CI;1162751809;FAN_PTRHU;17/12/2021 17:27:29
Activado;StockFinal : Stock final confirmado;17/12/2021 15:23:52;89543430921233462811;PTPCDR8CI;1162751582;FAN_PTRHU;17/12/2021 17:31:11
Activado;StockFinal : Stock final confirmado;17/12/2021 15:23:52;89543430921233462829;PTPCDR8CI;1162751419;FAN_PTRHU;17/12/2021 17:26:33
Activado;StockFinal : Stock final confirmado;17/12/2021 15:23:52;89543430921233462837;PTPCDR8CI;1162751371;FAN_PTRHU;17/12/2021 17:25:05
Activado;StockFinal : Stock final confirmado;17/12/2021 15:23:52;89543430921233462845;PTPCDR8CI;1162751367;FAN_PTRHU;17/12/2021 17:30:45
Activado;StockFinal : Stock final confirmado;17/12/2021 15:23:52;89543430921233462852;PTPCDR8CI;1162751194;FAN_PTRHU;17/12/2021 17:31:00
Activado;StockFinal : Stock final confirmado;17/12/2021 15:23:52;89543430921233462860;PTPCDR8CI;1162751045;FAN_PTRHU;17/12/2021 17:26:21
Activado;StockFinal : Stock final confirmado;17/12/2021 15:23:52;89543430921233462878;PTPCDR8CI;1162750945;FAN_PTRHU;17/12/2021 17:26:17
Activado;StockFinal : Stock final confirmado;17/12/2021 15:23:52;89543430921233462886;PTPCDR8CI;1162750930;FAN_PTRHU;17/12/2021 17:25:43
Activado;StockFinal : Stock final confirmado;17/12/2021 15:23:52;89543430921233462894;PTPCDR8CI;1162750880;FAN_PTRHU;17/12/2021 17:33:55
Activado;StockFinal : Stock final confirmado;17/12/2021 15:23:52;89543430921233462902;PTPCDR8CI;1162750822;FAN_PTRHU;17/12/2021 17:24:05
Activado;StockFinal : Stock final confirmado;17/12/2021 15:23:52;89543430921233462910;PTPCDR8CI;1162750447;FAN_PTRHU;17/12/2021 17:25:28
Activado;StockFinal : Stock final confirmado;17/12/2021 15:23:52;89543430921233462928;PTPCDR8CI;1162750421;FAN_PTRHU;17/12/2021 17:23:01
Activado;StockFinal : Stock final confirmado;17/12/2021 15:23:52;89543430921233462936;PTPCDR8CI;1162750417;FAN_PTRHU;17/12/2021 17:25:25
Activado;StockFinal : Stock final confirmado;17/12/2021 15:23:52;89543430921233462944;PTPCDR8CI;1162750416;FAN_PTRHU;17/12/2021 17:24:53
Activado;StockFinal : Stock final confirmado;17/12/2021 15:23:52;89543430921233462951;PTPCDR8CI;1162750408;FAN_PTRHU;17/12/2021 17:29:23
Activado;StockFinal : Stock final confirmado;17/12/2021 15:23:52;89543430921233462969;PTPCDR8CI;1162750202;FAN_PTRHU;17/12/2021 17:25:10
Activado;StockFinal : Stock final confirmado;17/12/2021 15:23:52;89543430921233462977;PTPCDR8CI;1162750104;FAN_PTRHU;17/12/2021 17:26:55
Activado;StockFinal : Stock final confirmado;17/12/2021 15:23:52;89543430921233462985;PTPCDR8CI;1162750087;FAN_PTRHU;17/12/2021 17:27:30
Activado;StockFinal : Stock final confirmado;17/12/2021 15:23:52;89543430921233462993;PTPCDR8CI;1162819938;FAN_PTRHU;17/12/2021 17:29:02
Activado;StockFinal : Stock final confirmado;17/12/2021 15:23:52;89543430921233463009;PTPCDR8CI;1162819918;FAN_PTRHU;17/12/2021 17:24:18
Activado;StockFinal : Stock final confirmado;17/12/2021 15:23:52;89543430921233463017;PTPCDR8CI;1162819884;FAN_PTRHU;17/12/2021 17:26:40
Activado;StockFinal : Stock final confirmado;17/12/2021 15:23:52;89543430921233463025;PTPCDR8CI;1162819860;FAN_PTRHU;17/12/2021 17:27:49
Activado;StockFinal : Stock final confirmado;17/12/2021 15:23:52;89543430921233463033;PTPCDR8CI;1162819683;FAN_PTRHU;17/12/2021 17:27:00
Activado;StockFinal : Stock final confirmado;17/12/2021 15:23:52;89543430921233463041;PTPCDR8CI;1162819588;FAN_PTRHU;17/12/2021 17:28:26
Activado;StockFinal : Stock final confirmado;17/12/2021 15:23:52;89543430921233463058;PTPCDR8CI;1162819469;FAN_PTRHU;17/12/2021 17:29:28
Activado;StockFinal : Stock final confirmado;17/12/2021 15:23:52;89543430921233463066;PTPCDR8CI;1162819418;FAN_PTRHU;17/12/2021 17:28:24
Activado;StockFinal : Stock final confirmado;17/12/2021 15:23:52;89543430921233463074;PTPCDR8CI;1162819192;FAN_PTRHU;17/12/2021 17:31:47
Activado;StockFinal : Stock final confirmado;17/12/2021 15:23:52;89543430921233463082;PTPCDR8CI;1162818981;FAN_PTRHU;17/12/2021 17:25:27
Activado;StockFinal : Stock final confirmado;17/12/2021 15:23:52;89543430921233463090;PTPCDR8CI;1162818823;FAN_PTRHU;17/12/2021 17:28:05
Activado;StockFinal : Stock final confirmado;17/12/2021 15:23:52;89543430921233463108;PTPCDR8CI;1162818620;FAN_PTRHU;17/12/2021 17:26:53
Activado;StockFinal : Stock final confirmado;17/12/2021 15:23:52;89543430921233463116;PTPCDR8CI;1162818506;FAN_PTRHU;17/12/2021 17:29:49
Activado;StockFinal : Stock final confirmado;17/12/2021 15:23:52;89543430921233463124;PTPCDR8CI;1162818477;FAN_PTRHU;17/12/2021 17:29:44
Activado;StockFinal : Stock final confirmado;17/12/2021 15:23:52;89543430921233463132;PTPCDR8CI;1162818426;FAN_PTRHU;17/12/2021 17:27:58
Activado;StockFinal : Stock final confirmado;17/12/2021 15:23:52;89543430921233463140;PTPCDR8CI;1162818236;FAN_PTRHU;17/12/2021 17:26:42
Activado;StockFinal : Stock final confirmado;17/12/2021 15:23:52;89543430921233463157;PTPCDR8CI;1162818194;FAN_PTRHU;17/12/2021 17:28:52
Activado;StockFinal : Stock final confirmado;17/12/2021 15:23:52;89543430921233463165;PTPCDR8CI;1162818188;FAN_PTRHU;17/12/2021 17:30:22
Activado;StockFinal : Stock final confirmado;17/12/2021 15:23:52;89543430921233463173;PTPCDR8CI;1162818020;FAN_PTRHU;17/12/2021 17:28:22
Activado;StockFinal : Stock final confirmado;17/12/2021 15:23:52;89543430921233463181;PTPCDR8CI;1162818012;FAN_PTRHU;17/12/2021 17:29:51
Activado;StockFinal : Stock final confirmado;17/12/2021 15:23:52;89543430921233463199;PTPCDR8CI;1162817904;FAN_PTRHU;17/12/2021 17:25:12
Activado;StockFinal : Stock final confirmado;17/12/2021 15:23:52;89543430921233463207;PTPCDR8CI;1162817883;FAN_PTRHU;17/12/2021 17:26:06
Activado;StockFinal : Stock final confirmado;17/12/2021 15:23:52;89543430921233463215;PTPCDR8CI;1162817700;FAN_PTRHU;17/12/2021 17:31:11
Activado;StockFinal : Stock final confirmado;17/12/2021 15:23:52;89543430921233463223;PTPCDR8CI;1162817664;FAN_PTRHU;17/12/2021 17:33:39
Activado;StockFinal : Stock final confirmado;17/12/2021 15:23:52;89543430921233463231;PTPCDR8CI;1162817631;FAN_PTRHU;17/12/2021 17:28:00
Activado;StockFinal : Stock final confirmado;17/12/2021 15:23:52;89543430921233463249;PTPCDR8CI;1162817585;FAN_PTRHU;17/12/2021 17:26:59
Activado;StockFinal : Stock final confirmado;17/12/2021 15:23:52;89543430921233463256;PTPCDR8CI;1162817442;FAN_PTRHU;17/12/2021 17:29:23
Activado;StockFinal : Stock final confirmado;17/12/2021 15:23:52;89543430921233463264;PTPCDR8CI;1162817435;FAN_PTRHU;17/12/2021 17:28:18
Activado;StockFinal : Stock final confirmado;17/12/2021 15:23:52;89543430921233463272;PTPCDR8CI;1162817433;FAN_PTRHU;17/12/2021 17:28:07
Activado;StockFinal : Stock final confirmado;17/12/2021 15:23:52;89543430921233463280;PTPCDR8CI;1162817366;FAN_PTRHU;17/12/2021 17:25:33
Activado;StockFinal : Stock final confirmado;17/12/2021 15:23:52;89543430921233463298;PTPCDR8CI;1162817338;FAN_PTRHU;17/12/2021 17:29:22
Activado;StockFinal : Stock final confirmado;17/12/2021 15:23:52;89543430921233463306;PTPCDR8CI;1162817313;FAN_PTRHU;17/12/2021 17:23:18
Activado;StockFinal : Stock final confirmado;17/12/2021 15:23:52;89543430921233463314;PTPCDR8CI;1162817211;FAN_PTRHU;17/12/2021 17:28:30
Activado;StockFinal : Stock final confirmado;17/12/2021 15:23:52;89543430921233463322;PTPCDR8CI;1162817118;FAN_PTRHU;17/12/2021 17:24:19
Activado;StockFinal : Stock final confirmado;17/12/2021 15:23:52;89543430921233463330;PTPCDR8CI;1162817031;FAN_PTRHU;17/12/2021 17:31:40
Activado;StockFinal : Stock final confirmado;17/12/2021 15:23:52;89543430921233463348;PTPCDR8CI;1162817007;FAN_PTRHU;17/12/2021 17:27:03
Activado;StockFinal : Stock final confirmado;17/12/2021 15:23:52;89543430921233463355;PTPCDR8CI;1162816990;FAN_PTRHU;17/12/2021 17:31:04
Activado;StockFinal : Stock final confirmado;17/12/2021 15:23:52;89543430921233463363;PTPCDR8CI;1162816893;FAN_PTRHU;17/12/2021 17:27:01
Activado;StockFinal : Stock final confirmado;17/12/2021 15:23:52;89543430921233463371;PTPCDR8CI;1162816800;FAN_PTRHU;17/12/2021 17:28:01
Activado;StockFinal : Stock final confirmado;17/12/2021 15:23:52;89543430921233463389;PTPCDR8CI;1162816419;FAN_PTRHU;17/12/2021 17:27:01
Activado;StockFinal : Stock final confirmado;17/12/2021 15:23:52;89543430921233463397;PTPCDR8CI;1162816288;FAN_PTRHU;17/12/2021 17:25:43
Activado;StockFinal : Stock final confirmado;17/12/2021 15:23:52;89543430921233463405;PTPCDR8CI;1162816071;FAN_PTRHU;17/12/2021 17:27:27
Activado;StockFinal : Stock final confirmado;17/12/2021 15:23:52;89543430921233463413;PTPCDR8CI;1162816014;FAN_PTRHU;17/12/2021 17:25:05
Activado;StockFinal : Stock final confirmado;17/12/2021 15:23:52;89543430921233463421;PTPCDR8CI;1162815972;FAN_PTRHU;17/12/2021 17:28:27
Activado;StockFinal : Stock final confirmado;17/12/2021 15:23:52;89543430921233463439;PTPCDR8CI;1162815959;FAN_PTRHU;17/12/2021 17:33:30
Activado;StockFinal : Stock final confirmado;17/12/2021 15:23:52;89543430921233463447;PTPCDR8CI;1162815919;FAN_PTRHU;17/12/2021 17:23:45
Activado;StockFinal : Stock final confirmado;17/12/2021 15:23:52;89543430921233463454;PTPCDR8CI;1162815791;FAN_PTRHU;17/12/2021 17:27:42
Activado;StockFinal : Stock final confirmado;17/12/2021 15:23:52;89543430921233463462;PTPCDR8CI;1162815781;FAN_PTRHU;17/12/2021 17:22:28
Activado;StockFinal : Stock final confirmado;17/12/2021 15:23:52;89543430921233463470;PTPCDR8CI;1162815751;FAN_PTRHU;17/12/2021 17:31:29
Activado;StockFinal : Stock final confirmado;17/12/2021 15:23:52;89543430921233463488;PTPCDR8CI;1162815578;FAN_PTRHU;17/12/2021 17:23:05
Activado;StockFinal : Stock final confirmado;17/12/2021 15:23:52;89543430921233463496;PTPCDR8CI;1162815492;FAN_PTRHU;17/12/2021 17:25:37
Activado;StockFinal : Stock final confirmado;17/12/2021 15:23:52;89543430921233463504;PTPCDR8CI;1162815345;FAN_PTRHU;17/12/2021 17:28:16
Activado;StockFinal : Stock final confirmado;17/12/2021 15:23:52;89543430921233463512;PTPCDR8CI;1162815209;FAN_PTRHU;17/12/2021 17:28:41
Activado;StockFinal : Stock final confirmado;17/12/2021 15:23:52;89543430921233463520;PTPCDR8CI;1162815158;FAN_PTRHU;17/12/2021 17:31:07
Activado;StockFinal : Stock final confirmado;17/12/2021 15:23:52;89543430921233463538;PTPCDR8CI;1162815143;FAN_PTRHU;17/12/2021 17:28:11
Activado;StockFinal : Stock final confirmado;17/12/2021 15:23:52;89543430921233463546;PTPCDR8CI;1162815030;FAN_PTRHU;17/12/2021 17:32:11
Activado;StockFinal : Stock final confirmado;17/12/2021 15:23:52;89543430921233463553;PTPCDR8CI;1162815027;FAN_PTRHU;17/12/2021 17:28:55
Activado;StockFinal : Stock final confirmado;17/12/2021 15:23:52;89543430921233463561;PTPCDR8CI;1162814944;FAN_PTRHU;17/12/2021 17:28:21
Activado;StockFinal : Stock final confirmado;17/12/2021 15:23:52;89543430921233463579;PTPCDR8CI;1162814905;FAN_PTRHU;17/12/2021 17:25:45
Activado;StockFinal : Stock final confirmado;17/12/2021 15:23:52;89543430921233463587;PTPCDR8CI;1162814731;FAN_PTRHU;17/12/2021 17:23:02
Activado;StockFinal : Stock final confirmado;17/12/2021 15:23:52;89543430921233463595;PTPCDR8CI;1162814717;FAN_PTRHU;17/12/2021 17:26:06
Activado;StockFinal : Stock final confirmado;17/12/2021 15:23:52;89543430921233463603;PTPCDR8CI;1162814693;FAN_PTRHU;17/12/2021 17:28:36
Activado;StockFinal : Stock final confirmado;17/12/2021 15:23:52;89543430921233463611;PTPCDR8CI;1162814638;FAN_PTRHU;17/12/2021 17:27:05
Activado;StockFinal : Stock final confirmado;17/12/2021 15:23:52;89543430921233463629;PTPCDR8CI;1162814175;FAN_PTRHU;17/12/2021 17:27:03
Activado;StockFinal : Stock final confirmado;17/12/2021 15:23:52;89543430921233463637;PTPCDR8CI;1162814057;FAN_PTRHU;17/12/2021 17:29:11
Activado;StockFinal : Stock final confirmado;17/12/2021 15:23:52;89543430921233463645;PTPCDR8CI;1162814046;FAN_PTRHU;17/12/2021 17:26:40
Activado;StockFinal : Stock final confirmado;17/12/2021 15:23:52;89543430921233463652;PTPCDR8CI;1162813882;FAN_PTRHU;17/12/2021 17:23:08
Activado;StockFinal : Stock final confirmado;17/12/2021 15:23:52;89543430921233463660;PTPCDR8CI;1162813522;FAN_PTRHU;17/12/2021 17:32:06
Activado;StockFinal : Stock final confirmado;17/12/2021 15:23:52;89543430921233463678;PTPCDR8CI;1162813461;FAN_PTRHU;17/12/2021 17:28:00
Activado;StockFinal : Stock final confirmado;17/12/2021 15:23:52;89543430921233463686;PTPCDR8CI;1162813286;FAN_PTRHU;17/12/2021 17:26:57
Activado;StockFinal : Stock final confirmado;17/12/2021 15:23:52;89543430921233463694;PTPCDR8CI;1162813174;FAN_PTRHU;17/12/2021 17:28:59
Activado;StockFinal : Stock final confirmado;17/12/2021 15:23:52;89543430921233463702;PTPCDR8CI;1162812948;FAN_PTRHU;17/12/2021 17:27:51
Activado;StockFinal : Stock final confirmado;17/12/2021 15:23:52;89543430921233463710;PTPCDR8CI;1162812724;FAN_PTRHU;17/12/2021 17:25:52
Activado;StockFinal : Stock final confirmado;17/12/2021 15:23:52;89543430921233463728;PTPCDR8CI;1162812694;FAN_PTRHU;17/12/2021 17:24:41
Activado;StockFinal : Stock final confirmado;17/12/2021 15:23:52;89543430921233463736;PTPCDR8CI;1162812657;FAN_PTRHU;17/12/2021 17:30:50
Activado;StockFinal : Stock final confirmado;17/12/2021 15:23:52;89543430921233463744;PTPCDR8CI;1162812527;FAN_PTRHU;17/12/2021 17:25:34
Activado;StockFinal : Stock final confirmado;17/12/2021 15:23:52;89543430921233463751;PTPCDR8CI;1162812431;FAN_PTRHU;17/12/2021 17:26:32
Activado;StockFinal : Stock final confirmado;17/12/2021 15:23:52;89543430921233463769;PTPCDR8CI;1162812374;FAN_PTRHU;17/12/2021 17:26:46
Activado;StockFinal : Stock final confirmado;17/12/2021 15:23:52;89543430921233463777;PTPCDR8CI;1162812313;FAN_PTRHU;17/12/2021 17:28:08
Activado;StockFinal : Stock final confirmado;17/12/2021 15:23:52;89543430921233463785;PTPCDR8CI;1162812230;FAN_PTRHU;17/12/2021 17:23:36
Activado;StockFinal : Stock final confirmado;17/12/2021 15:23:52;89543430921233463793;PTPCDR8CI;1162811970;FAN_PTRHU;17/12/2021 17:29:22
Activado;StockFinal : Stock final confirmado;17/12/2021 15:23:52;89543430921233463801;PTPCDR8CI;1162811948;FAN_PTRHU;17/12/2021 17:28:19
Activado;StockFinal : Stock final confirmado;17/12/2021 15:23:52;89543430921233463819;PTPCDR8CI;1162811880;FAN_PTRHU;17/12/2021 17:25:16
Activado;StockFinal : Stock final confirmado;17/12/2021 15:23:52;89543430921233463827;PTPCDR8CI;1162811828;FAN_PTRHU;17/12/2021 17:29:07
Activado;StockFinal : Stock final confirmado;17/12/2021 15:23:52;89543430921233463835;PTPCDR8CI;1162811764;FAN_PTRHU;17/12/2021 17:30:40
Activado;StockFinal : Stock final confirmado;17/12/2021 15:23:52;89543430921233463843;PTPCDR8CI;1162811407;FAN_PTRHU;17/12/2021 17:24:28
Activado;StockFinal : Stock final confirmado;17/12/2021 15:23:52;89543430921233463850;PTPCDR8CI;1162811321;FAN_PTRHU;17/12/2021 17:28:49
Activado;StockFinal : Stock final confirmado;17/12/2021 15:23:52;89543430921233463868;PTPCDR8CI;1162811072;FAN_PTRHU;17/12/2021 17:27:30
Activado;StockFinal : Stock final confirmado;17/12/2021 15:23:52;89543430921233463876;PTPCDR8CI;1162811022;FAN_PTRHU;17/12/2021 17:26:58
Activado;StockFinal : Stock final confirmado;17/12/2021 15:23:52;89543430921233463884;PTPCDR8CI;1162810997;FAN_PTRHU;17/12/2021 17:28:19
Activado;StockFinal : Stock final confirmado;17/12/2021 15:23:52;89543430921233463892;PTPCDR8CI;1162810993;FAN_PTRHU;17/12/2021 17:26:06
Activado;StockFinal : Stock final confirmado;17/12/2021 15:23:52;89543430921233463900;PTPCDR8CI;1162810914;FAN_PTRHU;17/12/2021 17:28:57
Activado;StockFinal : Stock final confirmado;17/12/2021 15:23:52;89543430921233463918;PTPCDR8CI;1162810790;FAN_PTRHU;17/12/2021 17:30:03
Activado;StockFinal : Stock final confirmado;17/12/2021 15:23:52;89543430921233463926;PTPCDR8CI;1162810618;FAN_PTRHU;17/12/2021 17:31:01
Activado;StockFinal : Stock final confirmado;17/12/2021 15:23:52;89543430921233463934;PTPCDR8CI;1162810583;FAN_PTRHU;17/12/2021 17:29:29
Activado;StockFinal : Stock final confirmado;17/12/2021 15:23:52;89543430921233463942;PTPCDR8CI;1162810534;FAN_PTRHU;17/12/2021 17:30:22
Activado;StockFinal : Stock final confirmado;17/12/2021 15:23:52;89543430921233463959;PTPCDR8CI;1162810360;FAN_PTRHU;17/12/2021 17:25:54
Activado;StockFinal : Stock final confirmado;17/12/2021 15:23:52;89543430921233463967;PTPCDR8CI;1162810243;FAN_PTRHU;17/12/2021 17:32:07
Activado;StockFinal : Stock final confirmado;17/12/2021 15:23:52;89543430921233463975;PTPCDR8CI;1162810126;FAN_PTRHU;17/12/2021 17:30:00
Activado;StockFinal : Stock final confirmado;17/12/2021 15:23:52;89543430921233463983;PTPCDR8CI;1162810125;FAN_PTRHU;17/12/2021 17:30:27
Activado;StockFinal : Stock final confirmado;17/12/2021 15:23:52;89543430921233463991;PTPCDR8CI;1162789592;FAN_PTRHU;17/12/2021 17:32:49
Activado;StockFinal : Stock final confirmado;17/12/2021 15:23:52;89543430921233464007;PTPCDR8CI;1162789426;FAN_PTRHU;17/12/2021 17:33:17
Activado;StockFinal : Stock final confirmado;17/12/2021 15:23:52;89543430921233464015;PTPCDR8CI;1162788560;FAN_PTRHU;17/12/2021 17:29:59
Activado;StockFinal : Stock final confirmado;17/12/2021 15:23:52;89543430921233464023;PTPCDR8CI;1162788269;FAN_PTRHU;17/12/2021 17:28:32
Activado;StockFinal : Stock final confirmado;17/12/2021 15:23:52;89543430921233464031;PTPCDR8CI;1162788118;FAN_PTRHU;17/12/2021 17:26:17
Activado;StockFinal : Stock final confirmado;17/12/2021 15:23:52;89543430921233464049;PTPCDR8CI;1162788048;FAN_PTRHU;17/12/2021 17:25:17
Activado;StockFinal : Stock final confirmado;17/12/2021 15:23:52;89543430921233464056;PTPCDR8CI;1162787827;FAN_PTRHU;17/12/2021 17:28:23
Activado;StockFinal : Stock final confirmado;17/12/2021 15:23:52;89543430921233464064;PTPCDR8CI;1162787724;FAN_PTRHU;17/12/2021 17:33:25
Activado;StockFinal : Stock final confirmado;17/12/2021 15:23:52;89543430921233464072;PTPCDR8CI;1162787402;FAN_PTRHU;17/12/2021 17:26:33
Activado;StockFinal : Stock final confirmado;17/12/2021 15:23:52;89543430921233464080;PTPCDR8CI;1162787122;FAN_PTRHU;17/12/2021 17:28:21
Activado;StockFinal : Stock final confirmado;17/12/2021 15:23:52;89543430921233464098;PTPCDR8CI;1162786437;FAN_PTRHU;17/12/2021 17:29:17
Activado;StockFinal : Stock final confirmado;17/12/2021 15:23:52;89543430921233464106;PTPCDR8CI;1162786412;FAN_PTRHU;17/12/2021 17:33:34
Activado;StockFinal : Stock final confirmado;17/12/2021 15:23:52;89543430921233464114;PTPCDR8CI;1162786061;FAN_PTRHU;17/12/2021 17:24:59
Activado;StockFinal : Stock final confirmado;17/12/2021 15:23:52;89543430921233464122;PTPCDR8CI;1162785886;FAN_PTRHU;17/12/2021 17:29:34
Activado;StockFinal : Stock final confirmado;17/12/2021 15:23:52;89543430921233464130;PTPCDR8CI;1162785880;FAN_PTRHU;17/12/2021 17:30:37
Activado;StockFinal : Stock final confirmado;17/12/2021 15:23:52;89543430921233464148;PTPCDR8CI;1162785444;FAN_PTRHU;17/12/2021 17:29:38
Activado;StockFinal : Stock final confirmado;17/12/2021 15:23:52;89543430921233464155;PTPCDR8CI;1162784994;FAN_PTRHU;17/12/2021 17:31:16
Activado;StockFinal : Stock final confirmado;17/12/2021 15:23:52;89543430921233464163;PTPCDR8CI;1162784911;FAN_PTRHU;17/12/2021 17:27:31
Activado;StockFinal : Stock final confirmado;17/12/2021 15:23:52;89543430921233464171;PTPCDR8CI;1162784689;FAN_PTRHU;17/12/2021 17:30:54
Activado;StockFinal : Stock final confirmado;17/12/2021 15:23:52;89543430921233464189;PTPCDR8CI;1162784544;FAN_PTRHU;17/12/2021 17:27:24
Activado;StockFinal : Stock final confirmado;17/12/2021 15:23:52;89543430921233464197;PTPCDR8CI;1162784471;FAN_PTRHU;17/12/2021 17:27:59
Activado;StockFinal : Stock final confirmado;17/12/2021 15:23:52;89543430921233464205;PTPCDR8CI;1162784386;FAN_PTRHU;17/12/2021 17:32:32
Activado;StockFinal : Stock final confirmado;17/12/2021 15:23:52;89543430921233464213;PTPCDR8CI;1162784280;FAN_PTRHU;17/12/2021 17:26:39
Activado;StockFinal : Stock final confirmado;17/12/2021 15:23:52;89543430921233464221;PTPCDR8CI;1162783910;FAN_PTRHU;17/12/2021 17:28:59
Activado;StockFinal : Stock final confirmado;17/12/2021 15:23:52;89543430921233464239;PTPCDR8CI;1162783581;FAN_PTRHU;17/12/2021 17:29:29
Activado;StockFinal : Stock final confirmado;17/12/2021 15:23:52;89543430921233464247;PTPCDR8CI;1162783438;FAN_PTRHU;17/12/2021 17:30:17
Activado;StockFinal : Stock final confirmado;17/12/2021 15:23:52;89543430921233464254;PTPCDR8CI;1162783102;FAN_PTRHU;17/12/2021 17:26:03
Activado;StockFinal : Stock final confirmado;17/12/2021 15:23:52;89543430921233464262;PTPCDR8CI;1162782843;FAN_PTRHU;17/12/2021 17:33:14
Activado;StockFinal : Stock final confirmado;17/12/2021 15:23:52;89543430921233464270;PTPCDR8CI;1162782827;FAN_PTRHU;17/12/2021 17:30:45
Activado;StockFinal : Stock final confirmado;17/12/2021 15:23:52;89543430921233464288;PTPCDR8CI;1162782553;FAN_PTRHU;17/12/2021 17:28:39
Activado;StockFinal : Stock final confirmado;17/12/2021 15:23:52;89543430921233464296;PTPCDR8CI;1162782452;FAN_PTRHU;17/12/2021 17:32:50
Activado;StockFinal : Stock final confirmado;17/12/2021 15:23:52;89543430921233464304;PTPCDR8CI;1162781601;FAN_PTRHU;17/12/2021 17:26:46
Activado;StockFinal : Stock final confirmado;17/12/2021 15:23:52;89543430921233464312;PTPCDR8CI;1162781438;FAN_PTRHU;17/12/2021 17:29:56
Activado;StockFinal : Stock final confirmado;17/12/2021 15:23:52;89543430921233464320;PTPCDR8CI;1162781285;FAN_PTRHU;17/12/2021 17:27:54
Activado;StockFinal : Stock final confirmado;17/12/2021 15:23:52;89543430921233464338;PTPCDR8CI;1162781126;FAN_PTRHU;17/12/2021 17:24:45
Activado;StockFinal : Stock final confirmado;17/12/2021 15:23:52;89543430921233464346;PTPCDR8CI;1162780586;FAN_PTRHU;17/12/2021 17:28:39
Activado;StockFinal : Stock final confirmado;17/12/2021 15:23:52;89543430921233464353;PTPCDR8CI;1162780542;FAN_PTRHU;17/12/2021 17:25:48
Activado;StockFinal : Stock final confirmado;17/12/2021 15:23:52;89543430921233464361;PTPCDR8CI;1162780490;FAN_PTRHU;17/12/2021 17:29:11
Activado;StockFinal : Stock final confirmado;17/12/2021 15:23:52;89543430921233464379;PTPCDR8CI;1162780470;FAN_PTRHU;17/12/2021 17:28:29
Activado;StockFinal : Stock final confirmado;17/12/2021 15:23:52;89543430921233464387;PTPCDR8CI;1162780468;FAN_PTRHU;17/12/2021 17:28:04
Activado;StockFinal : Stock final confirmado;17/12/2021 15:23:52;89543430921233464395;PTPCDR8CI;1162780458;FAN_PTRHU;17/12/2021 17:30:32
Activado;StockFinal : Stock final confirmado;17/12/2021 15:23:52;89543430921233464403;PTPCDR8CI;1162780426;FAN_PTRHU;17/12/2021 17:25:21
Activado;StockFinal : Stock final confirmado;17/12/2021 15:23:52;89543430921233464411;PTPCDR8CI;1162780123;FAN_PTRHU;17/12/2021 17:30:19
Activado;StockFinal : Stock final confirmado;17/12/2021 15:23:52;89543430921233464429;PTPCDR8CI;1162780091;FAN_PTRHU;17/12/2021 17:30:12
Activado;StockFinal : Stock final confirmado;17/12/2021 15:23:52;89543430921233464437;PTPCDR8CI;1162780064;FAN_PTRHU;17/12/2021 17:30:28
Activado;StockFinal : Stock final confirmado;17/12/2021 15:23:52;89543430921233464445;PTPCDR8CI;1162769925;FAN_PTRHU;17/12/2021 17:33:31
Activado;StockFinal : Stock final confirmado;17/12/2021 15:23:52;89543430921233464452;PTPCDR8CI;1162769894;FAN_PTRHU;17/12/2021 17:29:57
Activado;StockFinal : Stock final confirmado;17/12/2021 15:23:52;89543430921233464460;PTPCDR8CI;1162769659;FAN_PTRHU;17/12/2021 17:28:27
Activado;StockFinal : Stock final confirmado;17/12/2021 15:23:52;89543430921233464478;PTPCDR8CI;1162769633;FAN_PTRHU;17/12/2021 17:33:45
Activado;StockFinal : Stock final confirmado;17/12/2021 15:23:52;89543430921233464486;PTPCDR8CI;1162769624;FAN_PTRHU;17/12/2021 17:29:01
Activado;StockFinal : Stock final confirmado;17/12/2021 15:23:52;89543430921233464494;PTPCDR8CI;1162769492;FAN_PTRHU;17/12/2021 17:22:51
Activado;StockFinal : Stock final confirmado;17/12/2021 15:23:52;89543430921233464502;PTPCDR8CI;1162769458;FAN_PTRHU;17/12/2021 17:25:02
Activado;StockFinal : Stock final confirmado;17/12/2021 15:23:52;89543430921233464510;PTPCDR8CI;1162769317;FAN_PTRHU;17/12/2021 17:32:44
Activado;StockFinal : Stock final confirmado;17/12/2021 15:23:52;89543430921233464528;PTPCDR8CI;1162769262;FAN_PTRHU;17/12/2021 17:28:46
Activado;StockFinal : Stock final confirmado;17/12/2021 15:23:52;89543430921233464536;PTPCDR8CI;1162769200;FAN_PTRHU;17/12/2021 17:27:07
Activado;StockFinal : Stock final confirmado;17/12/2021 15:23:52;89543430921233464544;PTPCDR8CI;1162769175;FAN_PTRHU;17/12/2021 17:32:51
Activado;StockFinal : Stock final confirmado;17/12/2021 15:23:52;89543430921233464551;PTPCDR8CI;1162769167;FAN_PTRHU;17/12/2021 17:28:37
Activado;StockFinal : Stock final confirmado;17/12/2021 15:23:52;89543430921233464569;PTPCDR8CI;1162769110;FAN_PTRHU;17/12/2021 17:33:29
Activado;StockFinal : Stock final confirmado;17/12/2021 15:23:52;89543430921233464577;PTPCDR8CI;1162769036;FAN_PTRHU;17/12/2021 17:28:36
Activado;StockFinal : Stock final confirmado;17/12/2021 15:23:52;89543430921233464585;PTPCDR8CI;1162768821;FAN_PTRHU;17/12/2021 17:31:18
Activado;StockFinal : Stock final confirmado;17/12/2021 15:23:52;89543430921233464593;PTPCDR8CI;1162768610;FAN_PTRHU;17/12/2021 17:32:04
Activado;StockFinal : Stock final confirmado;17/12/2021 15:23:52;89543430921233464601;PTPCDR8CI;1162768524;FAN_PTRHU;17/12/2021 17:32:36
Activado;StockFinal : Stock final confirmado;17/12/2021 15:23:52;89543430921233464619;PTPCDR8CI;1162768395;FAN_PTRHU;17/12/2021 17:27:18
Activado;StockFinal : Stock final confirmado;17/12/2021 15:23:52;89543430921233464627;PTPCDR8CI;1162768281;FAN_PTRHU;17/12/2021 17:26:22
Activado;StockFinal : Stock final confirmado;17/12/2021 15:23:52;89543430921233464635;PTPCDR8CI;1162768196;FAN_PTRHU;17/12/2021 17:31:52
Activado;StockFinal : Stock final confirmado;17/12/2021 15:23:52;89543430921233464643;PTPCDR8CI;1162768138;FAN_PTRHU;17/12/2021 17:28:44
Activado;StockFinal : Stock final confirmado;17/12/2021 15:23:52;89543430921233464650;PTPCDR8CI;1162768049;FAN_PTRHU;17/12/2021 17:30:04
Activado;StockFinal : Stock final confirmado;17/12/2021 15:23:52;89543430921233464668;PTPCDR8CI;1162767955;FAN_PTRHU;17/12/2021 17:27:39
Activado;StockFinal : Stock final confirmado;17/12/2021 15:23:52;89543430921233464676;PTPCDR8CI;1162767454;FAN_PTRHU;17/12/2021 17:27:27
Activado;StockFinal : Stock final confirmado;17/12/2021 15:23:52;89543430921233464684;PTPCDR8CI;1162767291;FAN_PTRHU;17/12/2021 17:29:06
Activado;StockFinal : Stock final confirmado;17/12/2021 15:23:52;89543430921233464692;PTPCDR8CI;1162767207;FAN_PTRHU;17/12/2021 17:29:44
Activado;StockFinal : Stock final confirmado;17/12/2021 15:23:52;89543430921233464700;PTPCDR8CI;1162767034;FAN_PTRHU;17/12/2021 17:27:23
Activado;StockFinal : Stock final confirmado;17/12/2021 15:23:52;89543430921233464718;PTPCDR8CI;1162766774;FAN_PTRHU;17/12/2021 17:29:27
Activado;StockFinal : Stock final confirmado;17/12/2021 15:23:52;89543430921233464726;PTPCDR8CI;1162766731;FAN_PTRHU;17/12/2021 17:27:11
Activado;StockFinal : Stock final confirmado;17/12/2021 15:23:52;89543430921233464734;PTPCDR8CI;1162766594;FAN_PTRHU;17/12/2021 17:30:01
Activado;StockFinal : Stock final confirmado;17/12/2021 15:23:52;89543430921233464742;PTPCDR8CI;1162766236;FAN_PTRHU;17/12/2021 17:29:45
Activado;StockFinal : Stock final confirmado;17/12/2021 15:23:52;89543430921233464759;PTPCDR8CI;1162765960;FAN_PTRHU;17/12/2021 17:29:43
Activado;StockFinal : Stock final confirmado;17/12/2021 15:23:52;89543430921233464767;PTPCDR8CI;1162765633;FAN_PTRHU;17/12/2021 17:27:28
Activado;StockFinal : Stock final confirmado;17/12/2021 15:23:52;89543430921233464775;PTPCDR8CI;1162765223;FAN_PTRHU;17/12/2021 17:29:07
Activado;StockFinal : Stock final confirmado;17/12/2021 15:23:52;89543430921233464783;PTPCDR8CI;1162764917;FAN_PTRHU;17/12/2021 17:25:34
Activado;StockFinal : Stock final confirmado;17/12/2021 15:23:52;89543430921233464791;PTPCDR8CI;1162764872;FAN_PTRHU;17/12/2021 17:29:49
Activado;StockFinal : Stock final confirmado;17/12/2021 15:23:52;89543430921233464809;PTPCDR8CI;1162764871;FAN_PTRHU;17/12/2021 17:30:13
Activado;StockFinal : Stock final confirmado;17/12/2021 15:23:52;89543430921233464817;PTPCDR8CI;1162764868;FAN_PTRHU;17/12/2021 17:26:58
Activado;StockFinal : Stock final confirmado;17/12/2021 15:23:52;89543430921233464825;PTPCDR8CI;1162764762;FAN_PTRHU;17/12/2021 17:28:38
Activado;StockFinal : Stock final confirmado;17/12/2021 15:23:52;89543430921233464833;PTPCDR8CI;1162764643;FAN_PTRHU;17/12/2021 17:28:46
Activado;StockFinal : Stock final confirmado;17/12/2021 15:23:52;89543430921233464841;PTPCDR8CI;1162764415;FAN_PTRHU;17/12/2021 17:26:13
Activado;StockFinal : Stock final confirmado;17/12/2021 15:23:52;89543430921233464858;PTPCDR8CI;1162764393;FAN_PTRHU;17/12/2021 17:29:20
Activado;StockFinal : Stock final confirmado;17/12/2021 15:23:52;89543430921233464866;PTPCDR8CI;1162764344;FAN_PTRHU;17/12/2021 17:30:06
Activado;StockFinal : Stock final confirmado;17/12/2021 15:23:52;89543430921233464874;PTPCDR8CI;1162764310;FAN_PTRHU;17/12/2021 17:30:35
Activado;StockFinal : Stock final confirmado;17/12/2021 15:23:52;89543430921233464882;PTPCDR8CI;1162764290;FAN_PTRHU;17/12/2021 17:27:15
Activado;StockFinal : Stock final confirmado;17/12/2021 15:23:52;89543430921233464890;PTPCDR8CI;1162764052;FAN_PTRHU;17/12/2021 17:25:22
Activado;StockFinal : Stock final confirmado;17/12/2021 15:23:52;89543430921233464908;PTPCDR8CI;1162763920;FAN_PTRHU;17/12/2021 17:27:01
Activado;StockFinal : Stock final confirmado;17/12/2021 15:23:52;89543430921233464916;PTPCDR8CI;1162763754;FAN_PTRHU;17/12/2021 17:25:57
Activado;StockFinal : Stock final confirmado;17/12/2021 15:23:52;89543430921233464924;PTPCDR8CI;1162763681;FAN_PTRHU;17/12/2021 17:31:38
Activado;StockFinal : Stock final confirmado;17/12/2021 15:23:52;89543430921233464932;PTPCDR8CI;1162763520;FAN_PTRHU;17/12/2021 17:28:17
Activado;StockFinal : Stock final confirmado;17/12/2021 15:23:52;89543430921233464940;PTPCDR8CI;1162763117;FAN_PTRHU;17/12/2021 17:28:19
Activado;StockFinal : Stock final confirmado;17/12/2021 15:23:52;89543430921233464957;PTPCDR8CI;1162762800;FAN_PTRHU;17/12/2021 17:24:23
Activado;StockFinal : Stock final confirmado;17/12/2021 15:23:52;89543430921233464965;PTPCDR8CI;1162762791;FAN_PTRHU;17/12/2021 17:27:06
Activado;StockFinal : Stock final confirmado;17/12/2021 15:23:52;89543430921233464973;PTPCDR8CI;1162761829;FAN_PTRHU;17/12/2021 17:25:32
Activado;StockFinal : Stock final confirmado;17/12/2021 15:23:52;89543430921233464981;PTPCDR8CI;1162761770;FAN_PTRHU;17/12/2021 17:27:50
Activado;StockFinal : Stock final confirmado;17/12/2021 15:23:52;89543430921233464999;PTPCDR8CI;1162761681;FAN_PTRHU;17/12/2021 17:25:13